text,label
Recent investigations confirm that Global streaming giant greenlights ambitious multi-season fantasy adaptation based on bestselling novel trilogy. Observers consider this a pivotal moment for institutional strategy.,Entertainment
Opposition coalition demands parliamentary inquiry into defense procurement procedures and auditing discrepancies. Regulatory bodies have requested comprehensive review documentation.,Politics
Parliament passes landmark digital privacy reform bill after heated debate over surveillance limits and civil liberties. Experts emphasize the critical implications for upcoming quarterly forecasts.,Politics
Epidemiologists highlight preventative benefits of Mediterranean dietary patterns in mitigating neurodegenerative decline. Further details are scheduled to be released during tomorrow's press briefing.,Health
European diplomatic leaders forge emergency humanitarian corridor agreement after months of regional cross-border border skirmishes.,World
United Nations Food and Agriculture Organization issues urgent bulletin regarding drought-affected crop yields in East Africa.,World
Oncology consortium standardizes liquid biopsy protocols for early pan-cancer diagnostic screenings.,Health
Market Dispatch: Mental health researchers report measurable efficacy of digital cognitive behavioral therapy platforms. The announcement has drawn widespread reaction across international markets.,Health
Mental health researchers report measurable efficacy of digital cognitive behavioral therapy platforms.,Health
"According to official statements, Electoral oversight commission releases modernized cybersecurity guidelines for statewide voting infrastructure. Stakeholders continue to monitor long-term developments closely.",Politics
Industry observers note that Television academy reveals nominations honoring groundbreaking drama series and comedy ensemble casts. The findings have sparked debate among leading industry specialists.,Entertainment
Market Dispatch: Video game developer studio unveils gameplay footage for long-anticipated open-world action role-playing adventure.,Entertainment
Open-source security foundation identifies zero-day vulnerability in popular cryptographic networking libraries.,Technology
World Health Organization declares eradication milestone for neglected tropical infectious disease across nine nations.,Health
Planetary exploration rover analyzes Martian sedimentary rocks containing diverse organic carbon molecules.,Science
"According to official statements, Quantum computing research consortium demonstrates fault-tolerant logical qubit operations using neutral atom arrays. Stakeholders continue to monitor long-term developments closely.",Technology
Global Briefing: Mental health researchers report measurable efficacy of digital cognitive behavioral therapy platforms.,Health
Industry observers note that Federal Reserve signals cautious stance on benchmark interest rate adjustments as consumer price indexes stabilize. Experts emphasize the critical implications for upcoming quarterly forecasts.,Business
Global Briefing: G20 finance chiefs pledge cooperative financial assistance packages for developing nations navigating balance of payments crises.,World
Recent investigations confirm that Tennis grand slam final goes to five sets as generational phenom overcomes veteran champion on center court. The findings have sparked debate among leading industry specialists.,Sports
Industry observers note that Opposition coalition demands parliamentary inquiry into defense procurement procedures and auditing discrepancies. Further details are scheduled to be released during tomorrow's press briefing.,Politics
Researchers release state-of-the-art multimodal foundation model featuring native reasoning and autonomous tool use.,Technology
Planetary exploration rover analyzes Martian sedimentary rocks containing diverse organic carbon molecules.,Science
Analysis: Pop icon collaboration dominates global streaming leaderboards across ninety countries within hours of debut. Public response remains overwhelmingly attentive as deliberations proceed.,Entertainment
African Union representatives ratify a continental free trade protocol to boost intra-African commerce and infrastructure.,World
Global trade ministers assemble for the multilateral economic summit to address international shipping lane disruptions.,World
Quantum computing research consortium demonstrates fault-tolerant logical qubit operations using neutral atom arrays. The findings have sparked debate among leading industry specialists.,Technology
World Health Organization declares eradication milestone for neglected tropical infectious disease across nine nations.,Health
Special Report: Rugby World Cup favorites survive physical quarterfinal clash to book spot in championship showdown. Experts emphasize the critical implications for upcoming quarterly forecasts.,Sports
Congressional budget committee drafts bipartisan compromise resolution to avert midnight fiscal shutdown.,Politics
Semiconductor equipment manufacturer ships high-numerical-aperture extreme ultraviolet lithography system.,Technology
Recent investigations confirm that Congressional budget committee drafts bipartisan compromise resolution to avert midnight fiscal shutdown.,Politics
"In a major development today, G20 finance chiefs pledge cooperative financial assistance packages for developing nations navigating balance of payments crises. Stakeholders continue to monitor long-term developments closely.",World
Global Briefing: Grammy-winning recording artist announces surprise stadium world tour alongside chart-topping experimental album release. Further details are scheduled to be released during tomorrow's press briefing.,Entertainment
Silicon startup tape-out novel optical compute chip achieving tenfold latency reduction for deep neural networks.,Technology
Update: International film festival awards Palme d'Or to mesmerizing dystopian indie drama directed by debut filmmaker. Experts emphasize the critical implications for upcoming quarterly forecasts.,Entertainment
Market Dispatch: African Union representatives ratify a continental free trade protocol to boost intra-African commerce and infrastructure. Experts emphasize the critical implications for upcoming quarterly forecasts.,World
United Nations Food and Agriculture Organization issues urgent bulletin regarding drought-affected crop yields in East Africa.,World
United Nations Food and Agriculture Organization issues urgent bulletin regarding drought-affected crop yields in East Africa.,World
Senate subcommittee hears extensive testimony on regulatory oversight of artificial intelligence in federal hiring.,Politics
"According to official statements, Marine biologists document thriving deep-sea hydrothermal vent ecosystem housing previously unknown microbial species. Further details are scheduled to be released during tomorrow's press briefing.",Science
Special Report: Disaster response teams deploy to Southeast Asia as severe monsoon weather triggers widespread evacuations across lowlands. Public response remains overwhelmingly attentive as deliberations proceed.,World
Industry observers note that Biopharmaceutical firm secures fast-track regulatory approval for pediatric enzyme replacement therapy.,Health
Market Dispatch: Paleontologists uncover pristine fossilized dinosaur nesting site displaying avian brooding behaviors in Patagonia. Observers consider this a pivotal moment for institutional strategy.,Science
Recent investigations confirm that Federal Reserve signals cautious stance on benchmark interest rate adjustments as consumer price indexes stabilize.,Business
Market Dispatch: Prime Minister reshuffles executive cabinet appointments to address housing affordability and regional infrastructure bottlenecks.,Politics
Rugby World Cup favorites survive physical quarterfinal clash to book spot in championship showdown.,Sports
Update: Rugby World Cup favorites survive physical quarterfinal clash to book spot in championship showdown. Observers consider this a pivotal moment for institutional strategy.,Sports
Cybersecurity analysts uncover automated phishing infrastructure leveraging generative voice cloning vectors. Further details are scheduled to be released during tomorrow's press briefing.,Technology
Commercial real estate developers face debt refinancing hurdles amid elevated borrowing costs and remote work shifts. Stakeholders continue to monitor long-term developments closely.,Business
Open-source security foundation identifies zero-day vulnerability in popular cryptographic networking libraries.,Technology
Electoral oversight commission releases modernized cybersecurity guidelines for statewide voting infrastructure.,Politics
Prime Minister reshuffles executive cabinet appointments to address housing affordability and regional infrastructure bottlenecks.,Politics
Multinational logistics conglomerate announces multi-billion dollar merger to streamline global air freight networks. Regulatory bodies have requested comprehensive review documentation.,Business
Bipartisan legislative panel unveils antitrust reform package targeting consolidated platform monopolies.,Politics
Market Dispatch: Cinematographer guild honors visionary neon-noir thriller for pioneering innovative virtual production techniques.,Entertainment
"According to official statements, Broadway revival of classic musical sensation breaks box office records during preview week in New York.",Entertainment
"In a major development today, International film festival awards Palme d'Or to mesmerizing dystopian indie drama directed by debut filmmaker. Public response remains overwhelmingly attentive as deliberations proceed.",Entertainment
Cinematographer guild honors visionary neon-noir thriller for pioneering innovative virtual production techniques.,Entertainment
National election monitoring body confirms peaceful balloting procedures across seventy-five districts.,Politics
Neuroscientists identify sleep spindle brainwave patterns that consolidate memory and clear metabolic waste products. Observers consider this a pivotal moment for institutional strategy.,Health
Pacific island alliance submits binding maritime boundary treaty to the International Court of Justice.,World
Governors summit debates constitutional tax powers and state-level healthcare subsidy allocations.,Politics
Market Dispatch: Tour de France peloton conquers legendary alpine mountain pass in grueling summit showdown stage. The findings have sparked debate among leading industry specialists.,Sports
Clinical trial demonstrates eighty-five percent efficacy for novel mRNA therapeutic targeting resistant melanoma.,Health
Global Briefing: G20 finance chiefs pledge cooperative financial assistance packages for developing nations navigating balance of payments crises. Observers consider this a pivotal moment for institutional strategy.,World
Clinical trial demonstrates eighty-five percent efficacy for novel mRNA therapeutic targeting resistant melanoma.,Health
Market Dispatch: Olympic committee confirms final venue masterplan and sustainability certifications for upcoming Summer Games. Experts emphasize the critical implications for upcoming quarterly forecasts.,Sports
Supreme Court delivers decisive ruling on campaign finance disclosure regulations ahead of national midterms. Experts emphasize the critical implications for upcoming quarterly forecasts.,Politics
Special Report: United Nations Food and Agriculture Organization issues urgent bulletin regarding drought-affected crop yields in East Africa. The announcement has drawn widespread reaction across international markets.,World
Multinational logistics conglomerate announces multi-billion dollar merger to streamline global air freight networks.,Business
Public health agencies launch nationwide immunization campaign targeting respiratory syncytial virus ahead of winter. Experts emphasize the critical implications for upcoming quarterly forecasts.,Health
Recent investigations confirm that Major League Baseball championship series advances to deciding Game Seven following extra-innings walk-off home run.,Sports
"According to official statements, Genomic medicine researchers utilize base editing to successfully treat sickle cell anemia in adolescent patients. The announcement has drawn widespread reaction across international markets.",Health
Cybersecurity analysts uncover automated phishing infrastructure leveraging generative voice cloning vectors.,Technology
Breaking News: Formula One grand prix concludes with strategic tire gamble delivering dramatic wet-weather podium finish. Experts emphasize the critical implications for upcoming quarterly forecasts.,Sports
United Nations Food and Agriculture Organization issues urgent bulletin regarding drought-affected crop yields in East Africa.,World
Documentary chronicling legendary jazz quartet unearths previously unreleased archival master recordings.,Entertainment
Global Briefing: Semiconductor equipment manufacturer ships high-numerical-aperture extreme ultraviolet lithography system. Further details are scheduled to be released during tomorrow's press briefing.,Technology
Smart device ecosystem adopts unified local mesh networking protocol to eliminate proprietary hub dependencies.,Technology
James Webb Space Telescope observes primordial galaxy clusters revealing unexpected cosmic structure from early universe.,Science
Underdog national football club secures thrilling stoppage-time victory to claim continental championship trophy. The findings have sparked debate among leading industry specialists.,Sports
Formula One grand prix concludes with strategic tire gamble delivering dramatic wet-weather podium finish. Stakeholders continue to monitor long-term developments closely.,Sports
Physicists at laser fusion laboratory achieve net energy gain milestone using advanced indirect-drive target capsules. Further details are scheduled to be released during tomorrow's press briefing.,Science
Market Dispatch: Geophysicists detect anomalous seismic wave anomalies indicating magma chamber replenishment beneath dormant volcano. The findings have sparked debate among leading industry specialists.,Science
Quantum computing research consortium demonstrates fault-tolerant logical qubit operations using neutral atom arrays.,Technology
United Nations delegates convene in Geneva for high-stakes climate negotiations following unprecedented heatwaves across multiple continents.,World
"In a major development today, Electoral oversight commission releases modernized cybersecurity guidelines for statewide voting infrastructure. Further details are scheduled to be released during tomorrow's press briefing.",Politics
Tour de France peloton conquers legendary alpine mountain pass in grueling summit showdown stage. Stakeholders continue to monitor long-term developments closely.,Sports
"According to official statements, World Health Organization declares eradication milestone for neglected tropical infectious disease across nine nations.",Health
Industry observers note that Autonomous vehicle developers receive regulatory approval to operate unmanned commercial robotaxi fleets across downtown. Stakeholders continue to monitor long-term developments closely.,Technology
Global Briefing: Documentary chronicling legendary jazz quartet unearths previously unreleased archival master recordings.,Entertainment
Physicists at laser fusion laboratory achieve net energy gain milestone using advanced indirect-drive target capsules.,Science
Multinational logistics conglomerate announces multi-billion dollar merger to streamline global air freight networks. Regulatory bodies have requested comprehensive review documentation.,Business
Prime Minister reshuffles executive cabinet appointments to address housing affordability and regional infrastructure bottlenecks.,Politics
Olympic committee confirms final venue masterplan and sustainability certifications for upcoming Summer Games. Stakeholders continue to monitor long-term developments closely.,Sports
Global sovereign wealth fund rebalances portfolios toward private credit and critical minerals infrastructure.,Business
Atmospheric scientists launch high-altitude stratospheric balloons to measure ozone recovery kinetics over Antarctica. Stakeholders continue to monitor long-term developments closely.,Science
Breaking News: Astrophysics team detects repeating fast radio burst originating from a magnetar within a nearby dwarf galaxy. Further details are scheduled to be released during tomorrow's press briefing.,Science
Supreme Court delivers decisive ruling on campaign finance disclosure regulations ahead of national midterms. Stakeholders continue to monitor long-term developments closely.,Politics
National election monitoring body confirms peaceful balloting procedures across seventy-five districts. Public response remains overwhelmingly attentive as deliberations proceed.,Politics
Parliament passes landmark digital privacy reform bill after heated debate over surveillance limits and civil liberties.,Politics
World Health Organization declares eradication milestone for neglected tropical infectious disease across nine nations. Stakeholders continue to monitor long-term developments closely.,Health
Recent investigations confirm that Bipartisan legislative panel unveils antitrust reform package targeting consolidated platform monopolies.,Politics
Television academy reveals nominations honoring groundbreaking drama series and comedy ensemble casts.,Entertainment
Special Report: Cinematographer guild honors visionary neon-noir thriller for pioneering innovative virtual production techniques. Regulatory bodies have requested comprehensive review documentation.,Entertainment
Biopharmaceutical firm secures fast-track regulatory approval for pediatric enzyme replacement therapy.,Health
"In a major development today, Quantum computing research consortium demonstrates fault-tolerant logical qubit operations using neutral atom arrays. Experts emphasize the critical implications for upcoming quarterly forecasts.",Technology
Governors summit debates constitutional tax powers and state-level healthcare subsidy allocations.,Politics
Breaking News: Cardiologists publish thirty-year longitudinal study confirming cardiovascular benefits of moderate resistance exercise.,Health
"In a major development today, Smart device ecosystem adopts unified local mesh networking protocol to eliminate proprietary hub dependencies. The findings have sparked debate among leading industry specialists.",Technology
Public health agencies launch nationwide immunization campaign targeting respiratory syncytial virus ahead of winter. Regulatory bodies have requested comprehensive review documentation.,Health
Autonomous vehicle developers receive regulatory approval to operate unmanned commercial robotaxi fleets across downtown.,Technology
Congressional budget committee drafts bipartisan compromise resolution to avert midnight fiscal shutdown. The announcement has drawn widespread reaction across international markets.,Politics
Retail giants announce joint sustainable supply chain initiative to eliminate non-recyclable freight packaging.,Business
Update: Oncology consortium standardizes liquid biopsy protocols for early pan-cancer diagnostic screenings. Experts emphasize the critical implications for upcoming quarterly forecasts.,Health
Fintech startup closes Series D funding round to scale cross-border payment rails for enterprise marketplaces.,Business
World Athletics Championship sees historic world record shattered in women's four-hundred-meter hurdles final.,Sports
Special Report: Autonomous vehicle developers receive regulatory approval to operate unmanned commercial robotaxi fleets across downtown. Regulatory bodies have requested comprehensive review documentation.,Technology
Open-source security foundation identifies zero-day vulnerability in popular cryptographic networking libraries.,Technology
Market Dispatch: Global sovereign wealth fund rebalances portfolios toward private credit and critical minerals infrastructure. The findings have sparked debate among leading industry specialists.,Business
Genomic medicine researchers utilize base editing to successfully treat sickle cell anemia in adolescent patients.,Health
Recent investigations confirm that Cloud providers deploy custom liquid-cooled data center racks to support next-generation machine learning clusters. Experts emphasize the critical implications for upcoming quarterly forecasts.,Technology
Industry observers note that Prime Minister reshuffles executive cabinet appointments to address housing affordability and regional infrastructure bottlenecks.,Politics
Geophysicists detect anomalous seismic wave anomalies indicating magma chamber replenishment beneath dormant volcano. Experts emphasize the critical implications for upcoming quarterly forecasts.,Science
Global Briefing: Documentary chronicling legendary jazz quartet unearths previously unreleased archival master recordings. The announcement has drawn widespread reaction across international markets.,Entertainment
National election monitoring body confirms peaceful balloting procedures across seventy-five districts.,Politics
Electoral oversight commission releases modernized cybersecurity guidelines for statewide voting infrastructure.,Politics
Parliament passes landmark digital privacy reform bill after heated debate over surveillance limits and civil liberties.,Politics
Video game developer studio unveils gameplay footage for long-anticipated open-world action role-playing adventure.,Entertainment
Update: Supreme Court delivers decisive ruling on campaign finance disclosure regulations ahead of national midterms. Experts emphasize the critical implications for upcoming quarterly forecasts.,Politics
Materials scientists synthesize ultra-hard room-temperature boron nitride crystal with unprecedented thermal conductivity. Public response remains overwhelmingly attentive as deliberations proceed.,Science
Disaster response teams deploy to Southeast Asia as severe monsoon weather triggers widespread evacuations across lowlands.,World
Industry observers note that Venture capital investment into renewable energy hardware surges forty percent in the second quarter.,Business
Silicon startup tape-out novel optical compute chip achieving tenfold latency reduction for deep neural networks.,Technology
Special Report: Parliament passes landmark digital privacy reform bill after heated debate over surveillance limits and civil liberties. Observers consider this a pivotal moment for institutional strategy.,Politics
International film festival awards Palme d'Or to mesmerizing dystopian indie drama directed by debut filmmaker.,Entertainment
Rugby World Cup favorites survive physical quarterfinal clash to book spot in championship showdown.,Sports
Special Report: United Nations delegates convene in Geneva for high-stakes climate negotiations following unprecedented heatwaves across multiple continents. Experts emphasize the critical implications for upcoming quarterly forecasts.,World
Industry observers note that Opposition coalition demands parliamentary inquiry into defense procurement procedures and auditing discrepancies.,Politics
Special Report: Biopharmaceutical firm secures fast-track regulatory approval for pediatric enzyme replacement therapy. Further details are scheduled to be released during tomorrow's press briefing.,Health
Congressional budget committee drafts bipartisan compromise resolution to avert midnight fiscal shutdown. Observers consider this a pivotal moment for institutional strategy.,Politics
Global sovereign wealth fund rebalances portfolios toward private credit and critical minerals infrastructure.,Business
Special Report: Multinational logistics conglomerate announces multi-billion dollar merger to streamline global air freight networks.,Business
Neuroscientists identify sleep spindle brainwave patterns that consolidate memory and clear metabolic waste products.,Health
Recent investigations confirm that Mobile operating system update introduces on-device privacy-preserving neural processing engines.,Technology
Pop icon collaboration dominates global streaming leaderboards across ninety countries within hours of debut. Observers consider this a pivotal moment for institutional strategy.,Entertainment
Cinematographer guild honors visionary neon-noir thriller for pioneering innovative virtual production techniques. Further details are scheduled to be released during tomorrow's press briefing.,Entertainment
Breaking News: Olympic committee confirms final venue masterplan and sustainability certifications for upcoming Summer Games.,Sports
Open-source security foundation identifies zero-day vulnerability in popular cryptographic networking libraries. Further details are scheduled to be released during tomorrow's press briefing.,Technology
Recent investigations confirm that Paleontologists uncover pristine fossilized dinosaur nesting site displaying avian brooding behaviors in Patagonia. Stakeholders continue to monitor long-term developments closely.,Science
Public health agencies launch nationwide immunization campaign targeting respiratory syncytial virus ahead of winter. The findings have sparked debate among leading industry specialists.,Health
Materials scientists synthesize ultra-hard room-temperature boron nitride crystal with unprecedented thermal conductivity.,Science
"In a major development today, United Nations Food and Agriculture Organization issues urgent bulletin regarding drought-affected crop yields in East Africa.",World
National election monitoring body confirms peaceful balloting procedures across seventy-five districts. The announcement has drawn widespread reaction across international markets.,Politics
Grammy-winning recording artist announces surprise stadium world tour alongside chart-topping experimental album release. Experts emphasize the critical implications for upcoming quarterly forecasts.,Entertainment
Analysis: Cricket World Cup semifinal thrills capacity stadium with record run chase in final over thriller. Regulatory bodies have requested comprehensive review documentation.,Sports
Special Report: Cinematographer guild honors visionary neon-noir thriller for pioneering innovative virtual production techniques. Experts emphasize the critical implications for upcoming quarterly forecasts.,Entertainment
"According to official statements, Semiconductor equipment manufacturer ships high-numerical-aperture extreme ultraviolet lithography system.",Technology
Analysis: Cricket World Cup semifinal thrills capacity stadium with record run chase in final over thriller. Public response remains overwhelmingly attentive as deliberations proceed.,Sports
Cardiologists publish thirty-year longitudinal study confirming cardiovascular benefits of moderate resistance exercise.,Health
"In a major development today, Genomic medicine researchers utilize base editing to successfully treat sickle cell anemia in adolescent patients. The findings have sparked debate among leading industry specialists.",Health
Market Dispatch: Autonomous vehicle developers receive regulatory approval to operate unmanned commercial robotaxi fleets across downtown. Further details are scheduled to be released during tomorrow's press briefing.,Technology
Recent investigations confirm that Public health agencies launch nationwide immunization campaign targeting respiratory syncytial virus ahead of winter.,Health
Biopharmaceutical firm secures fast-track regulatory approval for pediatric enzyme replacement therapy.,Health
Industry observers note that Arctic Council convenes ministerial session to review polar conservation policies and maritime sovereignty protocols. Further details are scheduled to be released during tomorrow's press briefing.,World
World Athletics Championship sees historic world record shattered in women's four-hundred-meter hurdles final. Public response remains overwhelmingly attentive as deliberations proceed.,Sports
Global Briefing: Wall Street indexes rally to record highs led by semiconductor earnings surprises and robust consumer spending. Further details are scheduled to be released during tomorrow's press briefing.,Business
"In a major development today, Evolutionary geneticists sequence ancient hominin nuclear genome recovering lost genealogical branches in Eurasia. Experts emphasize the critical implications for upcoming quarterly forecasts.",Science
Market Dispatch: Paleontologists uncover pristine fossilized dinosaur nesting site displaying avian brooding behaviors in Patagonia.,Science
Geophysicists detect anomalous seismic wave anomalies indicating magma chamber replenishment beneath dormant volcano. Regulatory bodies have requested comprehensive review documentation.,Science
Recent investigations confirm that Cloud providers deploy custom liquid-cooled data center racks to support next-generation machine learning clusters. Experts emphasize the critical implications for upcoming quarterly forecasts.,Technology
Epidemiologists highlight preventative benefits of Mediterranean dietary patterns in mitigating neurodegenerative decline.,Health
Special Report: Supreme Court delivers decisive ruling on campaign finance disclosure regulations ahead of national midterms.,Politics
Olympic committee confirms final venue masterplan and sustainability certifications for upcoming Summer Games.,Sports
Market Dispatch: Genomic medicine researchers utilize base editing to successfully treat sickle cell anemia in adolescent patients. Further details are scheduled to be released during tomorrow's press briefing.,Health
Television academy reveals nominations honoring groundbreaking drama series and comedy ensemble casts. Further details are scheduled to be released during tomorrow's press briefing.,Entertainment
National election monitoring body confirms peaceful balloting procedures across seventy-five districts.,Politics
Semiconductor equipment manufacturer ships high-numerical-aperture extreme ultraviolet lithography system.,Technology
Materials scientists synthesize ultra-hard room-temperature boron nitride crystal with unprecedented thermal conductivity.,Science
Arctic Council convenes ministerial session to review polar conservation policies and maritime sovereignty protocols. Observers consider this a pivotal moment for institutional strategy.,World
Global Briefing: Atmospheric scientists launch high-altitude stratospheric balloons to measure ozone recovery kinetics over Antarctica. The announcement has drawn widespread reaction across international markets.,Science
"According to official statements, United Nations Food and Agriculture Organization issues urgent bulletin regarding drought-affected crop yields in East Africa. The announcement has drawn widespread reaction across international markets.",World
G20 finance chiefs pledge cooperative financial assistance packages for developing nations navigating balance of payments crises.,World
Wall Street indexes rally to record highs led by semiconductor earnings surprises and robust consumer spending. The findings have sparked debate among leading industry specialists.,Business
Atmospheric scientists launch high-altitude stratospheric balloons to measure ozone recovery kinetics over Antarctica. Further details are scheduled to be released during tomorrow's press briefing.,Science
"According to official statements, Supreme Court delivers decisive ruling on campaign finance disclosure regulations ahead of national midterms.",Politics
Market Dispatch: Global sovereign wealth fund rebalances portfolios toward private credit and critical minerals infrastructure. Stakeholders continue to monitor long-term developments closely.,Business
Breaking News: Underdog national football club secures thrilling stoppage-time victory to claim continental championship trophy. Stakeholders continue to monitor long-term developments closely.,Sports
Quantum computing research consortium demonstrates fault-tolerant logical qubit operations using neutral atom arrays. Stakeholders continue to monitor long-term developments closely.,Technology
Pacific island alliance submits binding maritime boundary treaty to the International Court of Justice.,World
Industry observers note that Wall Street indexes rally to record highs led by semiconductor earnings surprises and robust consumer spending.,Business
Marine biologists document thriving deep-sea hydrothermal vent ecosystem housing previously unknown microbial species.,Science
International film festival awards Palme d'Or to mesmerizing dystopian indie drama directed by debut filmmaker.,Entertainment
Recent investigations confirm that Mental health researchers report measurable efficacy of digital cognitive behavioral therapy platforms.,Health
Governors summit debates constitutional tax powers and state-level healthcare subsidy allocations. Regulatory bodies have requested comprehensive review documentation.,Politics
Special Report: Researchers release state-of-the-art multimodal foundation model featuring native reasoning and autonomous tool use. Further details are scheduled to be released during tomorrow's press briefing.,Technology
Oncology consortium standardizes liquid biopsy protocols for early pan-cancer diagnostic screenings.,Health
Global Briefing: Congressional budget committee drafts bipartisan compromise resolution to avert midnight fiscal shutdown. The findings have sparked debate among leading industry specialists.,Politics
Epidemiologists highlight preventative benefits of Mediterranean dietary patterns in mitigating neurodegenerative decline. Observers consider this a pivotal moment for institutional strategy.,Health
National election monitoring body confirms peaceful balloting procedures across seventy-five districts. Experts emphasize the critical implications for upcoming quarterly forecasts.,Politics
United Nations Food and Agriculture Organization issues urgent bulletin regarding drought-affected crop yields in East Africa. Stakeholders continue to monitor long-term developments closely.,World
Industry observers note that Cardiologists publish thirty-year longitudinal study confirming cardiovascular benefits of moderate resistance exercise. Experts emphasize the critical implications for upcoming quarterly forecasts.,Health
Major League Baseball championship series advances to deciding Game Seven following extra-innings walk-off home run.,Sports
Global Briefing: Open-source security foundation identifies zero-day vulnerability in popular cryptographic networking libraries. Further details are scheduled to be released during tomorrow's press briefing.,Technology
Recent investigations confirm that Marine biologists document thriving deep-sea hydrothermal vent ecosystem housing previously unknown microbial species.,Science
Diplomats announce progress on cross-continental peace accord during bilateral talks hosted in Zurich.,World
"According to official statements, Video game developer studio unveils gameplay footage for long-anticipated open-world action role-playing adventure.",Entertainment
"According to official statements, Arctic Council convenes ministerial session to review polar conservation policies and maritime sovereignty protocols.",World
Senate subcommittee hears extensive testimony on regulatory oversight of artificial intelligence in federal hiring. Further details are scheduled to be released during tomorrow's press briefing.,Politics
Disaster response teams deploy to Southeast Asia as severe monsoon weather triggers widespread evacuations across lowlands. Regulatory bodies have requested comprehensive review documentation.,World
"According to official statements, Autonomous vehicle developers receive regulatory approval to operate unmanned commercial robotaxi fleets across downtown. The findings have sparked debate among leading industry specialists.",Technology
Analysis: Fintech startup closes Series D funding round to scale cross-border payment rails for enterprise marketplaces. The announcement has drawn widespread reaction across international markets.,Business
"According to official statements, Federal Reserve signals cautious stance on benchmark interest rate adjustments as consumer price indexes stabilize. Observers consider this a pivotal moment for institutional strategy.",Business
"In a major development today, Genomic medicine researchers utilize base editing to successfully treat sickle cell anemia in adolescent patients. Regulatory bodies have requested comprehensive review documentation.",Health
United Nations delegates convene in Geneva for high-stakes climate negotiations following unprecedented heatwaves across multiple continents.,World
Industry observers note that G20 finance chiefs pledge cooperative financial assistance packages for developing nations navigating balance of payments crises.,World
Federal Reserve signals cautious stance on benchmark interest rate adjustments as consumer price indexes stabilize.,Business
International film festival awards Palme d'Or to mesmerizing dystopian indie drama directed by debut filmmaker.,Entertainment
Cardiologists publish thirty-year longitudinal study confirming cardiovascular benefits of moderate resistance exercise. Stakeholders continue to monitor long-term developments closely.,Health
World Athletics Championship sees historic world record shattered in women's four-hundred-meter hurdles final.,Sports
Formula One grand prix concludes with strategic tire gamble delivering dramatic wet-weather podium finish. Further details are scheduled to be released during tomorrow's press briefing.,Sports
Global Briefing: Cricket World Cup semifinal thrills capacity stadium with record run chase in final over thriller. Observers consider this a pivotal moment for institutional strategy.,Sports
Update: Mobile operating system update introduces on-device privacy-preserving neural processing engines. Observers consider this a pivotal moment for institutional strategy.,Technology
Special Report: Biopharmaceutical firm secures fast-track regulatory approval for pediatric enzyme replacement therapy. Further details are scheduled to be released during tomorrow's press briefing.,Health
Global Briefing: Rugby World Cup favorites survive physical quarterfinal clash to book spot in championship showdown. Public response remains overwhelmingly attentive as deliberations proceed.,Sports
Silicon startup tape-out novel optical compute chip achieving tenfold latency reduction for deep neural networks. Regulatory bodies have requested comprehensive review documentation.,Technology
Physicists at laser fusion laboratory achieve net energy gain milestone using advanced indirect-drive target capsules.,Science
Global Briefing: United Nations Food and Agriculture Organization issues urgent bulletin regarding drought-affected crop yields in East Africa. The announcement has drawn widespread reaction across international markets.,World
Breaking News: Major League Baseball championship series advances to deciding Game Seven following extra-innings walk-off home run.,Sports
Recent investigations confirm that Rugby World Cup favorites survive physical quarterfinal clash to book spot in championship showdown. Stakeholders continue to monitor long-term developments closely.,Sports
Pop icon collaboration dominates global streaming leaderboards across ninety countries within hours of debut.,Entertainment
Special Report: Senate subcommittee hears extensive testimony on regulatory oversight of artificial intelligence in federal hiring. Experts emphasize the critical implications for upcoming quarterly forecasts.,Politics
Summer blockbuster crosses one billion dollar global box office threshold propelled by IMAX ticket sales.,Entertainment
Special Report: Smart device ecosystem adopts unified local mesh networking protocol to eliminate proprietary hub dependencies. The announcement has drawn widespread reaction across international markets.,Technology
Wall Street indexes rally to record highs led by semiconductor earnings surprises and robust consumer spending. Experts emphasize the critical implications for upcoming quarterly forecasts.,Business
Congressional budget committee drafts bipartisan compromise resolution to avert midnight fiscal shutdown. The announcement has drawn widespread reaction across international markets.,Politics
Industry observers note that Documentary chronicling legendary jazz quartet unearths previously unreleased archival master recordings. Regulatory bodies have requested comprehensive review documentation.,Entertainment
Breaking News: Olympic committee confirms final venue masterplan and sustainability certifications for upcoming Summer Games.,Sports
Global Briefing: Mobile operating system update introduces on-device privacy-preserving neural processing engines. The findings have sparked debate among leading industry specialists.,Technology
Supreme Court delivers decisive ruling on campaign finance disclosure regulations ahead of national midterms. Stakeholders continue to monitor long-term developments closely.,Politics
Industry observers note that Mental health researchers report measurable efficacy of digital cognitive behavioral therapy platforms. Regulatory bodies have requested comprehensive review documentation.,Health
Cardiologists publish thirty-year longitudinal study confirming cardiovascular benefits of moderate resistance exercise. The announcement has drawn widespread reaction across international markets.,Health
Special Report: Silicon startup tape-out novel optical compute chip achieving tenfold latency reduction for deep neural networks.,Technology
Special Report: Pacific island alliance submits binding maritime boundary treaty to the International Court of Justice. Observers consider this a pivotal moment for institutional strategy.,World
Cybersecurity analysts uncover automated phishing infrastructure leveraging generative voice cloning vectors.,Technology
Special Report: Grammy-winning recording artist announces surprise stadium world tour alongside chart-topping experimental album release. The announcement has drawn widespread reaction across international markets.,Entertainment
"In a major development today, Genomic medicine researchers utilize base editing to successfully treat sickle cell anemia in adolescent patients.",Health
Automotive manufacturer reports surge in electric vehicle revenue while adjusting capital expenditure forecasts.,Business
Market Dispatch: Fintech startup closes Series D funding round to scale cross-border payment rails for enterprise marketplaces.,Business
Market Dispatch: Retail giants announce joint sustainable supply chain initiative to eliminate non-recyclable freight packaging. Stakeholders continue to monitor long-term developments closely.,Business
Market Dispatch: Multinational logistics conglomerate announces multi-billion dollar merger to streamline global air freight networks. Stakeholders continue to monitor long-term developments closely.,Business
Quantum computing research consortium demonstrates fault-tolerant logical qubit operations using neutral atom arrays.,Technology
Arctic Council convenes ministerial session to review polar conservation policies and maritime sovereignty protocols.,World
"According to official statements, Semiconductor equipment manufacturer ships high-numerical-aperture extreme ultraviolet lithography system.",Technology
Federal Reserve signals cautious stance on benchmark interest rate adjustments as consumer price indexes stabilize.,Business
Fintech startup closes Series D funding round to scale cross-border payment rails for enterprise marketplaces.,Business
Breaking News: Rugby World Cup favorites survive physical quarterfinal clash to book spot in championship showdown.,Sports
Tennis grand slam final goes to five sets as generational phenom overcomes veteran champion on center court. The findings have sparked debate among leading industry specialists.,Sports
Market Dispatch: Formula One grand prix concludes with strategic tire gamble delivering dramatic wet-weather podium finish.,Sports
International oil benchmarks decline following unexpected inventories build and sluggish industrial refinery demand.,Business
Quantum computing research consortium demonstrates fault-tolerant logical qubit operations using neutral atom arrays. Further details are scheduled to be released during tomorrow's press briefing.,Technology
"In a major development today, Multinational logistics conglomerate announces multi-billion dollar merger to streamline global air freight networks. Experts emphasize the critical implications for upcoming quarterly forecasts.",Business
National election monitoring body confirms peaceful balloting procedures across seventy-five districts. Public response remains overwhelmingly attentive as deliberations proceed.,Politics
Breaking News: Governors summit debates constitutional tax powers and state-level healthcare subsidy allocations.,Politics
Global Briefing: Venture capital investment into renewable energy hardware surges forty percent in the second quarter. The findings have sparked debate among leading industry specialists.,Business
Underdog national football club secures thrilling stoppage-time victory to claim continental championship trophy.,Sports
Recent investigations confirm that Opposition coalition demands parliamentary inquiry into defense procurement procedures and auditing discrepancies.,Politics
Senate subcommittee hears extensive testimony on regulatory oversight of artificial intelligence in federal hiring. Further details are scheduled to be released during tomorrow's press briefing.,Politics
Biopharmaceutical firm secures fast-track regulatory approval for pediatric enzyme replacement therapy. The announcement has drawn widespread reaction across international markets.,Health
Physicists at laser fusion laboratory achieve net energy gain milestone using advanced indirect-drive target capsules. Regulatory bodies have requested comprehensive review documentation.,Science
"In a major development today, Bipartisan legislative panel unveils antitrust reform package targeting consolidated platform monopolies.",Politics
Special Report: Cybersecurity analysts uncover automated phishing infrastructure leveraging generative voice cloning vectors.,Technology
Tour de France peloton conquers legendary alpine mountain pass in grueling summit showdown stage.,Sports
Special Report: James Webb Space Telescope observes primordial galaxy clusters revealing unexpected cosmic structure from early universe.,Science
International oil benchmarks decline following unexpected inventories build and sluggish industrial refinery demand.,Business
Astrophysics team detects repeating fast radio burst originating from a magnetar within a nearby dwarf galaxy. Observers consider this a pivotal moment for institutional strategy.,Science
Update: Supreme Court delivers decisive ruling on campaign finance disclosure regulations ahead of national midterms.,Politics
Analysis: Cinematographer guild honors visionary neon-noir thriller for pioneering innovative virtual production techniques.,Entertainment
Analysis: Wall Street indexes rally to record highs led by semiconductor earnings surprises and robust consumer spending. Stakeholders continue to monitor long-term developments closely.,Business
Automotive manufacturer reports surge in electric vehicle revenue while adjusting capital expenditure forecasts.,Business
Global streaming giant greenlights ambitious multi-season fantasy adaptation based on bestselling novel trilogy. Further details are scheduled to be released during tomorrow's press briefing.,Entertainment
Cricket World Cup semifinal thrills capacity stadium with record run chase in final over thriller.,Sports
Automotive manufacturer reports surge in electric vehicle revenue while adjusting capital expenditure forecasts. Experts emphasize the critical implications for upcoming quarterly forecasts.,Business
Public health agencies launch nationwide immunization campaign targeting respiratory syncytial virus ahead of winter.,Health
Disaster response teams deploy to Southeast Asia as severe monsoon weather triggers widespread evacuations across lowlands.,World
Oncology consortium standardizes liquid biopsy protocols for early pan-cancer diagnostic screenings.,Health
James Webb Space Telescope observes primordial galaxy clusters revealing unexpected cosmic structure from early universe.,Science
Analysis: Cricket World Cup semifinal thrills capacity stadium with record run chase in final over thriller.,Sports
Tour de France peloton conquers legendary alpine mountain pass in grueling summit showdown stage. Public response remains overwhelmingly attentive as deliberations proceed.,Sports
Pop icon collaboration dominates global streaming leaderboards across ninety countries within hours of debut.,Entertainment
Update: Cinematographer guild honors visionary neon-noir thriller for pioneering innovative virtual production techniques. Public response remains overwhelmingly attentive as deliberations proceed.,Entertainment
Commercial real estate developers face debt refinancing hurdles amid elevated borrowing costs and remote work shifts.,Business
"According to official statements, Cybersecurity analysts uncover automated phishing infrastructure leveraging generative voice cloning vectors.",Technology
Market Dispatch: United Nations delegates convene in Geneva for high-stakes climate negotiations following unprecedented heatwaves across multiple continents. Regulatory bodies have requested comprehensive review documentation.,World
Astrophysics team detects repeating fast radio burst originating from a magnetar within a nearby dwarf galaxy. Regulatory bodies have requested comprehensive review documentation.,Science
Industry observers note that Underdog national football club secures thrilling stoppage-time victory to claim continental championship trophy. Stakeholders continue to monitor long-term developments closely.,Sports
Recent investigations confirm that United Nations delegates convene in Geneva for high-stakes climate negotiations following unprecedented heatwaves across multiple continents. Stakeholders continue to monitor long-term developments closely.,World
Broadway revival of classic musical sensation breaks box office records during preview week in New York.,Entertainment
Atmospheric scientists launch high-altitude stratospheric balloons to measure ozone recovery kinetics over Antarctica.,Science
Supreme Court delivers decisive ruling on campaign finance disclosure regulations ahead of national midterms.,Politics
"In a major development today, Materials scientists synthesize ultra-hard room-temperature boron nitride crystal with unprecedented thermal conductivity.",Science
Breaking News: Cardiologists publish thirty-year longitudinal study confirming cardiovascular benefits of moderate resistance exercise.,Health
Wall Street indexes rally to record highs led by semiconductor earnings surprises and robust consumer spending. Observers consider this a pivotal moment for institutional strategy.,Business
Special Report: Broadway revival of classic musical sensation breaks box office records during preview week in New York. Further details are scheduled to be released during tomorrow's press briefing.,Entertainment
Recent investigations confirm that Global sovereign wealth fund rebalances portfolios toward private credit and critical minerals infrastructure. Further details are scheduled to be released during tomorrow's press briefing.,Business
Special Report: Summer blockbuster crosses one billion dollar global box office threshold propelled by IMAX ticket sales. Experts emphasize the critical implications for upcoming quarterly forecasts.,Entertainment
Special Report: Astrophysics team detects repeating fast radio burst originating from a magnetar within a nearby dwarf galaxy.,Science
Global streaming giant greenlights ambitious multi-season fantasy adaptation based on bestselling novel trilogy.,Entertainment
Analysis: Television academy reveals nominations honoring groundbreaking drama series and comedy ensemble casts. The announcement has drawn widespread reaction across international markets.,Entertainment
"According to official statements, Opposition coalition demands parliamentary inquiry into defense procurement procedures and auditing discrepancies. Stakeholders continue to monitor long-term developments closely.",Politics
Update: Epidemiologists highlight preventative benefits of Mediterranean dietary patterns in mitigating neurodegenerative decline.,Health
Retail giants announce joint sustainable supply chain initiative to eliminate non-recyclable freight packaging.,Business
Commercial real estate developers face debt refinancing hurdles amid elevated borrowing costs and remote work shifts. Further details are scheduled to be released during tomorrow's press briefing.,Business
Recent investigations confirm that Automotive manufacturer reports surge in electric vehicle revenue while adjusting capital expenditure forecasts.,Business
Market Dispatch: Quantum computing research consortium demonstrates fault-tolerant logical qubit operations using neutral atom arrays.,Technology
Industry observers note that Formula One grand prix concludes with strategic tire gamble delivering dramatic wet-weather podium finish.,Sports
Automotive manufacturer reports surge in electric vehicle revenue while adjusting capital expenditure forecasts.,Business
Astrophysics team detects repeating fast radio burst originating from a magnetar within a nearby dwarf galaxy.,Science
Grammy-winning recording artist announces surprise stadium world tour alongside chart-topping experimental album release.,Entertainment
Update: Broadway revival of classic musical sensation breaks box office records during preview week in New York. Observers consider this a pivotal moment for institutional strategy.,Entertainment
Analysis: Documentary chronicling legendary jazz quartet unearths previously unreleased archival master recordings. Stakeholders continue to monitor long-term developments closely.,Entertainment
Astrophysics team detects repeating fast radio burst originating from a magnetar within a nearby dwarf galaxy. The findings have sparked debate among leading industry specialists.,Science
Physicists at laser fusion laboratory achieve net energy gain milestone using advanced indirect-drive target capsules. Observers consider this a pivotal moment for institutional strategy.,Science
Materials scientists synthesize ultra-hard room-temperature boron nitride crystal with unprecedented thermal conductivity.,Science
Breaking News: Arctic Council convenes ministerial session to review polar conservation policies and maritime sovereignty protocols.,World
Cricket World Cup semifinal thrills capacity stadium with record run chase in final over thriller. Observers consider this a pivotal moment for institutional strategy.,Sports
Cardiologists publish thirty-year longitudinal study confirming cardiovascular benefits of moderate resistance exercise.,Health
Biopharmaceutical firm secures fast-track regulatory approval for pediatric enzyme replacement therapy. Public response remains overwhelmingly attentive as deliberations proceed.,Health
Analysis: National election monitoring body confirms peaceful balloting procedures across seventy-five districts.,Politics
Update: Astrophysics team detects repeating fast radio burst originating from a magnetar within a nearby dwarf galaxy.,Science
Physicists at laser fusion laboratory achieve net energy gain milestone using advanced indirect-drive target capsules.,Science
Formula One grand prix concludes with strategic tire gamble delivering dramatic wet-weather podium finish. Stakeholders continue to monitor long-term developments closely.,Sports
Commercial real estate developers face debt refinancing hurdles amid elevated borrowing costs and remote work shifts.,Business
Planetary exploration rover analyzes Martian sedimentary rocks containing diverse organic carbon molecules.,Science
Analysis: Arctic Council convenes ministerial session to review polar conservation policies and maritime sovereignty protocols. Further details are scheduled to be released during tomorrow's press briefing.,World
